Workbook

Sheet INSERT
A1: id | B1: category | C1: tournament | D1: station | E1: INSERT
A2: JUECES SALÓN 1 | B2: core_values | C2: =SELECT!$B$2 -> 2 | D2: Salón 1 | E2: ="INSERT INTO "&SELECT!$A$2&" ("&$A$1&", "&$B$1&", "&$C$1&", "&$D$1&") VALUES ('"&A2&"', '"&B2&"', "&C2&", '"&D2&"');" -> INSERT INTO judges (id, category, tournament, station) VALUES ('JUECES SALÓN 1', 'core_values', 2, 'Salón 1');
A3: JUECES SALÓN 1 | B3: project | C3: =SELECT!$B$2 -> 2 | D3: Salón 1 | E3: ="INSERT INTO "&SELECT!$A$2&" ("&$A$1&", "&$B$1&", "&$C$1&", "&$D$1&") VALUES ('"&A3&"', '"&B3&"', "&C3&", '"&D3&"');" -> INSERT INTO judges (id, category, tournament, station) VALUES ('JUECES SALÓN 1', 'project', 2, 'Salón 1');
A4: JUECES SALÓN 1 | B4: robot_design | C4: =SELECT!$B$2 -> 2 | D4: Salón 1 | E4: ="INSERT INTO "&SELECT!$A$2&" ("&$A$1&", "&$B$1&", "&$C$1&", "&$D$1&") VALUES ('"&A4&"', '"&B4&"', "&C4&", '"&D4&"');" -> INSERT INTO judges (id, category, tournament, station) VALUES ('JUECES SALÓN 1', 'robot_design', 2, 'Salón 1');
A5: JUECES SALÓN 2 | B5: core_values | C5: =SELECT!$B$2 -> 2 | D5: Salón 2 | E5: ="INSERT INTO "&SELECT!$A$2&" ("&$A$1&", "&$B$1&", "&$C$1&", "&$D$1&") VALUES ('"&A5&"', '"&B5&"', "&C5&", '"&D5&"');" -> INSERT INTO judges (id, category, tournament, station) VALUES ('JUECES SALÓN 2', 'core_values', 2, 'Salón 2');
A6: JUECES SALÓN 2 | B6: project | C6: =SELECT!$B$2 -> 2 | D6: Salón 2 | E6: ="INSERT INTO "&SELECT!$A$2&" ("&$A$1&", "&$B$1&", "&$C$1&", "&$D$1&") VALUES ('"&A6&"', '"&B6&"', "&C6&", '"&D6&"');" -> INSERT INTO judges (id, category, tournament, station) VALUES ('JUECES SALÓN 2', 'project', 2, 'Salón 2');
A7: JUECES SALÓN 2 | B7: robot_design | C7: =SELECT!$B$2 -> 2 | D7: Salón 2 | E7: ="INSERT INTO "&SELECT!$A$2&" ("&$A$1&", "&$B$1&", "&$C$1&", "&$D$1&") VALUES ('"&A7&"', '"&B7&"', "&C7&", '"&D7&"');" -> INSERT INTO judges (id, category, tournament, station) VALUES ('JUECES SALÓN 2', 'robot_design', 2, 'Salón 2');
A8: JUECES SALÓN 3 | B8: core_values | C8: =SELECT!$B$2 -> 2 | D8: Salón 3 | E8: ="INSERT INTO "&SELECT!$A$2&" ("&$A$1&", "&$B$1&", "&$C$1&", "&$D$1&") VALUES ('"&A8&"', '"&B8&"', "&C8&", '"&D8&"');" -> INSERT INTO judges (id, category, tournament, station) VALUES ('JUECES SALÓN 3', 'core_values', 2, 'Salón 3');
A9: JUECES SALÓN 3 | B9: project | C9: =SELECT!$B$2 -> 2 | D9: Salón 3 | E9: ="INSERT INTO "&SELECT!$A$2&" ("&$A$1&", "&$B$1&", "&$C$1&", "&$D$1&") VALUES ('"&A9&"', '"&B9&"', "&C9&", '"&D9&"');" -> INSERT INTO judges (id, category, tournament, station) VALUES ('JUECES SALÓN 3', 'project', 2, 'Salón 3');
A10: JUECES SALÓN 3 | B10: robot_design | C10: =SELECT!$B$2 -> 2 | D10: Salón 3 | E10: ="INSERT INTO "&SELECT!$A$2&" ("&$A$1&", "&$B$1&", "&$C$1&", "&$D$1&") VALUES ('"&A10&"', '"&B10&"', "&C10&", '"&D10&"');" -> INSERT INTO judges (id, category, tournament, station) VALUES ('JUECES SALÓN 3', 'robot_design', 2, 'Salón 3');
A11: JUECES SALÓN 4 | B11: core_values | C11: =SELECT!$B$2 -> 2 | D11: Salón 4 | E11: ="INSERT INTO "&SELECT!$A$2&" ("&$A$1&", "&$B$1&", "&$C$1&", "&$D$1&") VALUES ('"&A11&"', '"&B11&"', "&C11&", '"&D11&"');" -> INSERT INTO judges (id, category, tournament, station) VALUES ('JUECES SALÓN 4', 'core_values', 2, 'Salón 4');
A12: JUECES SALÓN 4 | B12: project | C12: =SELECT!$B$2 -> 2 | D12: Salón 4 | E12: ="INSERT INTO "&SELECT!$A$2&" ("&$A$1&", "&$B$1&", "&$C$1&", "&$D$1&") VALUES ('"&A12&"', '"&B12&"', "&C12&", '"&D12&"');" -> INSERT INTO judges (id, category, tournament, station) VALUES ('JUECES SALÓN 4', 'project', 2, 'Salón 4');
A13: JUECES SALÓN 4 | B13: robot_design | C13: =SELECT!$B$2 -> 2 | D13: Salón 4 | E13: ="INSERT INTO "&SELECT!$A$2&" ("&$A$1&", "&$B$1&", "&$C$1&", "&$D$1&") VALUES ('"&A13&"', '"&B13&"', "&C13&", '"&D13&"');" -> INSERT INTO judges (id, category, tournament, station) VALUES ('JUECES SALÓN 4', 'robot_design', 2, 'Salón 4');
... A19: JUECES SALÓN 6 | B19: robot_design | C19: =SELECT!$B$2 -> 2 | D19: Salón 6 | E19: ="INSERT INTO "&SELECT!$A$2&" ("&$A$1&", "&$B$1&", "&$C$1&", "&$D$1&") VALUES ('"&A19&"', '"&B19&"', "&C19&", '"&D19&"');" -> INSERT INTO judges (id, category, tournament, station) VALUES ('JUECES SALÓN 6', 'robot_design', 2, 'Salón 6');

Sheet UPDATE
A1: =INSERT!A1 -> id | B1: =INSERT!B1 -> category | C1: =INSERT!C1 -> tournament | D1: =INSERT!D1 -> station | E1: UPDATE
A2: =INSERT!A2 -> JUECES SALÓN 1 | B2: =INSERT!B2 -> core_values | C2: =INSERT!C2 -> 2 | D2: =INSERT!D2 -> Salón 1 | E2: ="update "&SELECT!$A$2&" set "&$B$1&" = '"&B2&"', "&$C$1&" = "&C2&", "&$D$1&" = '"&D2&"' where "&$A$1&" = '"&A2&"'" -> update judges set category = 'core_values', tournament = 2, station = 'Salón 1' where id = 'JUECES SALÓN 1'
A3: =INSERT!A3 -> JUECES SALÓN 1 | B3: =INSERT!B3 -> project | C3: =INSERT!C3 -> 2 | D3: =INSERT!D3 -> Salón 1 | E3: ="update "&SELECT!$A$2&" set "&$B$1&" = '"&B3&"', "&$C$1&" = "&C3&", "&$D$1&" = '"&D3&"' where "&$A$1&" = '"&A3&"'" -> update judges set category = 'project', tournament = 2, station = 'Salón 1' where id = 'JUECES SALÓN 1'
A4: =INSERT!A4 -> JUECES SALÓN 1 | B4: =INSERT!B4 -> robot_design | C4: =INSERT!C4 -> 2 | D4: =INSERT!D4 -> Salón 1 | E4: ="update "&SELECT!$A$2&" set "&$B$1&" = '"&B4&"', "&$C$1&" = "&C4&", "&$D$1&" = '"&D4&"' where "&$A$1&" = '"&A4&"'" -> update judges set category = 'robot_design', tournament = 2, station = 'Salón 1' where id = 'JUECES SALÓN 1'
A5: =INSERT!A5 -> JUECES SALÓN 2 | B5: =INSERT!B5 -> core_values | C5: =INSERT!C5 -> 2 | D5: =INSERT!D5 -> Salón 2 | E5: ="update "&SELECT!$A$2&" set "&$B$1&" = '"&B5&"', "&$C$1&" = "&C5&", "&$D$1&" = '"&D5&"' where "&$A$1&" = '"&A5&"'" -> update judges set category = 'core_values', tournament = 2, station = 'Salón 2' where id = 'JUECES SALÓN 2'
A6: =INSERT!A6 -> JUECES SALÓN 2 | B6: =INSERT!B6 -> project | C6: =INSERT!C6 -> 2 | D6: =INSERT!D6 -> Salón 2 | E6: ="update "&SELECT!$A$2&" set "&$B$1&" = '"&B6&"', "&$C$1&" = "&C6&", "&$D$1&" = '"&D6&"' where "&$A$1&" = '"&A6&"'" -> update judges set category = 'project', tournament = 2, station = 'Salón 2' where id = 'JUECES SALÓN 2'
A7: =INSERT!A7 -> JUECES SALÓN 2 | B7: =INSERT!B7 -> robot_design | C7: =INSERT!C7 -> 2 | D7: =INSERT!D7 -> Salón 2 | E7: ="update "&SELECT!$A$2&" set "&$B$1&" = '"&B7&"', "&$C$1&" = "&C7&", "&$D$1&" = '"&D7&"' where "&$A$1&" = '"&A7&"'" -> update judges set category = 'robot_design', tournament = 2, station = 'Salón 2' where id = 'JUECES SALÓN 2'
A8: =INSERT!A8 -> JUECES SALÓN 3 | B8: =INSERT!B8 -> core_values | C8: =INSERT!C8 -> 2 | D8: =INSERT!D8 -> Salón 3 | E8: ="update "&SELECT!$A$2&" set "&$B$1&" = '"&B8&"', "&$C$1&" = "&C8&", "&$D$1&" = '"&D8&"' where "&$A$1&" = '"&A8&"'" -> update judges set category = 'core_values', tournament = 2, station = 'Salón 3' where id = 'JUECES SALÓN 3'
A9: =INSERT!A9 -> JUECES SALÓN 3 | B9: =INSERT!B9 -> project | C9: =INSERT!C9 -> 2 | D9: =INSERT!D9 -> Salón 3 | E9: ="update "&SELECT!$A$2&" set "&$B$1&" = '"&B9&"', "&$C$1&" = "&C9&", "&$D$1&" = '"&D9&"' where "&$A$1&" = '"&A9&"'" -> update judges set category = 'project', tournament = 2, station = 'Salón 3' where id = 'JUECES SALÓN 3'
A10: =INSERT!A10 -> JUECES SALÓN 3 | B10: =INSERT!B10 -> robot_design | C10: =INSERT!C10 -> 2 | D10: =INSERT!D10 -> Salón 3 | E10: ="update "&SELECT!$A$2&" set "&$B$1&" = '"&B10&"', "&$C$1&" = "&C10&", "&$D$1&" = '"&D10&"' where "&$A$1&" = '"&A10&"'" -> update judges set category = 'robot_design', tournament = 2, station = 'Salón 3' where id = 'JUECES SALÓN 3'
A11: =INSERT!A11 -> JUECES SALÓN 4 | B11: =INSERT!B11 -> core_values | C11: =INSERT!C11 -> 2 | D11: =INSERT!D11 -> Salón 4 | E11: ="update "&SELECT!$A$2&" set "&$B$1&" = '"&B11&"', "&$C$1&" = "&C11&", "&$D$1&" = '"&D11&"' where "&$A$1&" = '"&A11&"'" -> update judges set category = 'core_values', tournament = 2, station = 'Salón 4' where id = 'JUECES SALÓN 4'
A12: =INSERT!A12 -> JUECES SALÓN 4 | B12: =INSERT!B12 -> project | C12: =INSERT!C12 -> 2 | D12: =INSERT!D12 -> Salón 4 | E12: ="update "&SELECT!$A$2&" set "&$B$1&" = '"&B12&"', "&$C$1&" = "&C12&", "&$D$1&" = '"&D12&"' where "&$A$1&" = '"&A12&"'" -> update judges set category = 'project', tournament = 2, station = 'Salón 4' where id = 'JUECES SALÓN 4'
A13: =INSERT!A13 -> JUECES SALÓN 4 | B13: =INSERT!B13 -> robot_design | C13: =INSERT!C13 -> 2 | D13: =INSERT!D13 -> Salón 4 | E13: ="update "&SELECT!$A$2&" set "&$B$1&" = '"&B13&"', "&$C$1&" = "&C13&", "&$D$1&" = '"&D13&"' where "&$A$1&" = '"&A13&"'" -> update judges set category = 'robot_design', tournament = 2, station = 'Salón 4' where id = 'JUECES SALÓN 4'
... A19: =INSERT!A19 -> JUECES SALÓN 6 | B19: =INSERT!B19 -> robot_design | C19: =INSERT!C19 -> 2 | D19: =INSERT!D19 -> Salón 6 | E19: ="update "&SELECT!$A$2&" set "&$B$1&" = '"&B19&"', "&$C$1&" = "&C19&", "&$D$1&" = '"&D19&"' where "&$A$1&" = '"&A19&"'" -> update judges set category = 'robot_design', tournament = 2, station = 'Salón 6' where id = 'JUECES SALÓN 6'

Sheet DELETE
A1: =INSERT!A1 -> id | B1: =INSERT!B1 -> category | C1: =INSERT!C1 -> tournament | D1: =INSERT!D1 -> station | E1: DELETE
A2: =INSERT!A2 -> JUECES SALÓN 1 | B2: =INSERT!B2 -> core_values | C2: =INSERT!C2 -> 2 | D2: =INSERT!D2 -> Salón 1 | E2: ="delete from "&SELECT!$A$2&" where "&$A$1&" = '"&A2&"'" -> delete from judges where id = 'JUECES SALÓN 1'
A3: =INSERT!A3 -> JUECES SALÓN 1 | B3: =INSERT!B3 -> project | C3: =INSERT!C3 -> 2 | D3: =INSERT!D3 -> Salón 1 | E3: ="delete from "&SELECT!$A$2&" where "&$A$1&" = '"&A3&"'" -> delete from judges where id = 'JUECES SALÓN 1'
A4: =INSERT!A4 -> JUECES SALÓN 1 | B4: =INSERT!B4 -> robot_design | C4: =INSERT!C4 -> 2 | D4: =INSERT!D4 -> Salón 1 | E4: ="delete from "&SELECT!$A$2&" where "&$A$1&" = '"&A4&"'" -> delete from judges where id = 'JUECES SALÓN 1'
A5: =INSERT!A5 -> JUECES SALÓN 2 | B5: =INSERT!B5 -> core_values | C5: =INSERT!C5 -> 2 | D5: =INSERT!D5 -> Salón 2 | E5: ="delete from "&SELECT!$A$2&" where "&$A$1&" = '"&A5&"'" -> delete from judges where id = 'JUECES SALÓN 2'
A6: =INSERT!A6 -> JUECES SALÓN 2 | B6: =INSERT!B6 -> project | C6: =INSERT!C6 -> 2 | D6: =INSERT!D6 -> Salón 2 | E6: ="delete from "&SELECT!$A$2&" where "&$A$1&" = '"&A6&"'" -> delete from judges where id = 'JUECES SALÓN 2'
A7: =INSERT!A7 -> JUECES SALÓN 2 | B7: =INSERT!B7 -> robot_design | C7: =INSERT!C7 -> 2 | D7: =INSERT!D7 -> Salón 2 | E7: ="delete from "&SELECT!$A$2&" where "&$A$1&" = '"&A7&"'" -> delete from judges where id = 'JUECES SALÓN 2'
A8: =INSERT!A8 -> JUECES SALÓN 3 | B8: =INSERT!B8 -> core_values | C8: =INSERT!C8 -> 2 | D8: =INSERT!D8 -> Salón 3 | E8: ="delete from "&SELECT!$A$2&" where "&$A$1&" = '"&A8&"'" -> delete from judges where id = 'JUECES SALÓN 3'
A9: =INSERT!A9 -> JUECES SALÓN 3 | B9: =INSERT!B9 -> project | C9: =INSERT!C9 -> 2 | D9: =INSERT!D9 -> Salón 3 | E9: ="delete from "&SELECT!$A$2&" where "&$A$1&" = '"&A9&"'" -> delete from judges where id = 'JUECES SALÓN 3'
A10: =INSERT!A10 -> JUECES SALÓN 3 | B10: =INSERT!B10 -> robot_design | C10: =INSERT!C10 -> 2 | D10: =INSERT!D10 -> Salón 3 | E10: ="delete from "&SELECT!$A$2&" where "&$A$1&" = '"&A10&"'" -> delete from judges where id = 'JUECES SALÓN 3'
A11: =INSERT!A11 -> JUECES SALÓN 4 | B11: =INSERT!B11 -> core_values | C11: =INSERT!C11 -> 2 | D11: =INSERT!D11 -> Salón 4 | E11: ="delete from "&SELECT!$A$2&" where "&$A$1&" = '"&A11&"'" -> delete from judges where id = 'JUECES SALÓN 4'
A12: =INSERT!A12 -> JUECES SALÓN 4 | B12: =INSERT!B12 -> project | C12: =INSERT!C12 -> 2 | D12: =INSERT!D12 -> Salón 4 | E12: ="delete from "&SELECT!$A$2&" where "&$A$1&" = '"&A12&"'" -> delete from judges where id = 'JUECES SALÓN 4'
A13: =INSERT!A13 -> JUECES SALÓN 4 | B13: =INSERT!B13 -> robot_design | C13: =INSERT!C13 -> 2 | D13: =INSERT!D13 -> Salón 4 | E13: ="delete from "&SELECT!$A$2&" where "&$A$1&" = '"&A13&"'" -> delete from judges where id = 'JUECES SALÓN 4'
... A19: =INSERT!A19 -> JUECES SALÓN 6 | B19: =INSERT!B19 -> robot_design | C19: =INSERT!C19 -> 2 | D19: =INSERT!D19 -> Salón 6 | E19: ="delete from "&SELECT!$A$2&" where "&$A$1&" = '"&A19&"'" -> delete from judges where id = 'JUECES SALÓN 6'

Sheet SELECT
A1: TABLE_NAME | B1: TOURNAMENT | C1: SELECT
A2: judges | B2: 2 | C2: ="select * from "&A2&" where tournament="&B2 -> select * from judges where tournament=2
