Workbook

Sheet INSERT
A1: ROLE_ID | B1: ROLE_NAME | C1: ROLE_DESCRIPTION | D1: INSERT
A2: 0 | B2: Administrator | C2: Main administrative role, has full access | D2: ="INSERT INTO "&SELECT!$A$2&" ("&$A$1&", "&$B$1&", "&$C$1&") VALUES ("&A2&", '"&B2&"', '"&C2&"');" -> INSERT INTO fll_role (ROLE_ID, ROLE_NAME, ROLE_DESCRIPTION) VALUES (0, 'Administrator', 'Main administrative role, has full access');
A3: 1 | B3: ScoreKeeper | C3: ScoreKeepers access | D3: ="INSERT INTO "&SELECT!$A$2&" ("&$A$1&", "&$B$1&", "&$C$1&") VALUES ("&A3&", '"&B3&"', '"&C3&"');" -> INSERT INTO fll_role (ROLE_ID, ROLE_NAME, ROLE_DESCRIPTION) VALUES (1, 'ScoreKeeper', 'ScoreKeepers access');
A4: 2 | B4: Referee | C4: Referees access | D4: ="INSERT INTO "&SELECT!$A$2&" ("&$A$1&", "&$B$1&", "&$C$1&") VALUES ("&A4&", '"&B4&"', '"&C4&"');" -> INSERT INTO fll_role (ROLE_ID, ROLE_NAME, ROLE_DESCRIPTION) VALUES (2, 'Referee', 'Referees access');
A5: 3 | B5: Judge | C5: Judges access | D5: ="INSERT INTO "&SELECT!$A$2&" ("&$A$1&", "&$B$1&", "&$C$1&") VALUES ("&A5&", '"&B5&"', '"&C5&"');" -> INSERT INTO fll_role (ROLE_ID, ROLE_NAME, ROLE_DESCRIPTION) VALUES (3, 'Judge', 'Judges access');
A6: 4 | B6: Guest | C6: Guests access | D6: ="INSERT INTO "&SELECT!$A$2&" ("&$A$1&", "&$B$1&", "&$C$1&") VALUES ("&A6&", '"&B6&"', '"&C6&"');" -> INSERT INTO fll_role (ROLE_ID, ROLE_NAME, ROLE_DESCRIPTION) VALUES (4, 'Guest', 'Guests access');

Sheet UPDATE
A1: =INSERT!A1 -> ROLE_ID | B1: =INSERT!B1 -> ROLE_NAME | C1: =INSERT!C1 -> ROLE_DESCRIPTION | D1: UPDATE
A2: =INSERT!A2 -> 0 | B2: =INSERT!B2 -> Administrator | C2: =INSERT!C2 -> Main administrative role, has full access | D2: ="update "&SELECT!$A$2&" set "&$B$1&" = '"&B2&"', "&$C$1&" = '"&C2&"' where "&$A$1&" = "&A2 -> update fll_role set ROLE_NAME = 'Administrator', ROLE_DESCRIPTION = 'Main administrative role, has full access' where ROLE_ID = 0
A3: =INSERT!A3 -> 1 | B3: =INSERT!B3 -> ScoreKeeper | C3: =INSERT!C3 -> ScoreKeepers access | D3: ="update "&SELECT!$A$2&" set "&$B$1&" = '"&B3&"', "&$C$1&" = '"&C3&"' where "&$A$1&" = "&A3 -> update fll_role set ROLE_NAME = 'ScoreKeeper', ROLE_DESCRIPTION = 'ScoreKeepers access' where ROLE_ID = 1
A4: =INSERT!A4 -> 2 | B4: =INSERT!B4 -> Referee | C4: =INSERT!C4 -> Referees access | D4: ="update "&SELECT!$A$2&" set "&$B$1&" = '"&B4&"', "&$C$1&" = '"&C4&"' where "&$A$1&" = "&A4 -> update fll_role set ROLE_NAME = 'Referee', ROLE_DESCRIPTION = 'Referees access' where ROLE_ID = 2
A5: =INSERT!A5 -> 3 | B5: =INSERT!B5 -> Judge | C5: =INSERT!C5 -> Judges access | D5: ="update "&SELECT!$A$2&" set "&$B$1&" = '"&B5&"', "&$C$1&" = '"&C5&"' where "&$A$1&" = "&A5 -> update fll_role set ROLE_NAME = 'Judge', ROLE_DESCRIPTION = 'Judges access' where ROLE_ID = 3
A6: =INSERT!A6 -> 4 | B6: =INSERT!B6 -> Guest | C6: =INSERT!C6 -> Guests access | D6: ="update "&SELECT!$A$2&" set "&$B$1&" = '"&B6&"', "&$C$1&" = '"&C6&"' where "&$A$1&" = "&A6 -> update fll_role set ROLE_NAME = 'Guest', ROLE_DESCRIPTION = 'Guests access' where ROLE_ID = 4

Sheet DELETE
A1: =INSERT!A1 -> ROLE_ID | B1: =INSERT!B1 -> ROLE_NAME | C1: =INSERT!C1 -> ROLE_DESCRIPTION | D1: DELETE
A2: =INSERT!A2 -> 0 | B2: =INSERT!B2 -> Administrator | C2: =INSERT!C2 -> Main administrative role, has full access | D2: ="delete from "&SELECT!$A$2&" where "&$A$1&" = "&A2 -> delete from fll_role where ROLE_ID = 0
A3: =INSERT!A3 -> 1 | B3: =INSERT!B3 -> ScoreKeeper | C3: =INSERT!C3 -> ScoreKeepers access | D3: ="delete from "&SELECT!$A$2&" where "&$A$1&" = "&A3 -> delete from fll_role where ROLE_ID = 1
A4: =INSERT!A4 -> 2 | B4: =INSERT!B4 -> Referee | C4: =INSERT!C4 -> Referees access | D4: ="delete from "&SELECT!$A$2&" where "&$A$1&" = "&A4 -> delete from fll_role where ROLE_ID = 2
A5: =INSERT!A5 -> 3 | B5: =INSERT!B5 -> Judge | C5: =INSERT!C5 -> Judges access | D5: ="delete from "&SELECT!$A$2&" where "&$A$1&" = "&A5 -> delete from fll_role where ROLE_ID = 3
A6: =INSERT!A6 -> 4 | B6: =INSERT!B6 -> Guest | C6: =INSERT!C6 -> Guests access | D6: ="delete from "&SELECT!$A$2&" where "&$A$1&" = "&A6 -> delete from fll_role where ROLE_ID = 4

Sheet SELECT
A1: TABLE_NAME | B1: SELECT
A2: fll_role | B2: ="select * from "&A2 -> select * from fll_role
